projectName,age,isDead
postfixadmin,5,FALSE
metacity,11,FALSE
imagemagick,3,FALSE
xemacs,11,FALSE
flourish,5,FALSE
jobsworth,5,FALSE
make,23,FALSE
web2project,4,FALSE
vpnc,8,FALSE
jspwiki,11,FALSE
flashrom,9,FALSE
virtaal,4,FALSE
lastfm-sharp,2,TRUE
sabnzbdplus,5,TRUE
html5,3,FALSE
smolder,4,TRUE
avogadro,6,FALSE
fretsonfire,3,TRUE
amavisd-new,5,TRUE
w3m,11,FALSE
claroline,8,FALSE
formencode,7,FALSE
jsmpp,5,TRUE
bazaar,7,FALSE
frascati,5,FALSE
xchat-gnome,8,FALSE
kettle,7,FALSE
miranda,11,FALSE
nclass,3,FALSE
mixxx,10,FALSE
pfSense,8,FALSE
freeorion,9,FALSE
sshfs,8,FALSE
jsdoc-toolkit,5,FALSE
stripes,7,FALSE
opentk,5,FALSE
openmetaverse,6,FALSE
elgg,4,FALSE
h2database,5,FALSE
theunarchiver,5,FALSE
transifex,4,FALSE
lisppaste,8,TRUE
processhacker,4,FALSE
openredalert,3,TRUE
cargo,5,FALSE
jython,14,FALSE
jmonkeyengine,9,FALSE
kicad,5,FALSE
py2exe,8,TRUE
struts2,6,FALSE
j-wings,12,FALSE
rspec,3,FALSE
tao,15,FALSE
android_gc,2,TRUE
antlr,2,FALSE
yamj,4,FALSE
angularjs,2,FALSE
bcfg2,9,FALSE
mpg123,9,FALSE
spock,3,FALSE
libpng,17,FALSE
jdownloader,5,FALSE
railo,3,FALSE
gobject-introspection,7,FALSE
harmony,7,TRUE
Open_ACS,0,FALSE
powerdns,10,FALSE
udev,9,FALSE
hobo,5,FALSE
jboss-transactions,6,FALSE
filehelpers,6,FALSE
kvirc,5,FALSE
ravendb,3,FALSE
turbogears2,5,FALSE
spectrwm,3,FALSE
Jitsi,7,FALSE
eclipsetrader,8,FALSE
feh,2,FALSE
Subsonic,3,TRUE
lftp,1,FALSE
freeimage,8,FALSE
jpcsp,4,FALSE
god,5,FALSE
iterm2,2,FALSE
VMPK,4,FALSE
kaffeine,5,FALSE
etherboot,13,TRUE
bash-completion,6,FALSE
openshot-video-editor,4,FALSE
dist-zilla,4,FALSE
sling,5,FALSE
fetchmail,16,FALSE
notmuch,3,FALSE
pcre,5,FALSE
l2j,4,FALSE
Weld,4,FALSE
openmrs,6,FALSE
Dancer_cpan,3,FALSE
stellarium,10,FALSE
dcmtk,17,FALSE
mrtg,6,FALSE
openerp,5,FALSE
xfs,17,TRUE
android-scripting,1,TRUE
sqlalchemy-migrate,4,FALSE
kismac,6,TRUE
mongrel,3,TRUE
epydoc,8,TRUE
gnus,15,FALSE
vegas,6,FALSE
google-guice,6,FALSE
googletest,4,FALSE
jtds,8,FALSE
ispconfig,7,FALSE
bzflag,12,FALSE
noc,4,FALSE
kaltura-ce,2,FALSE
thegrinder,11,FALSE
sirios,6,TRUE
ZenTest,2,TRUE
resourcespace,4,FALSE
sesame,4,FALSE
cdexos,9,TRUE
levent,10,FALSE
chamilo,3,FALSE
funbird,3,TRUE
uwsgi,3,FALSE
TrinityCore2,4,FALSE
perlbal,8,FALSE
habari,6,FALSE
actiongame,7,FALSE
selenium-ide,4,TRUE
openidm,1,FALSE
opengpstracker,3,FALSE
Centreon,5,FALSE
eclipsescout,2,FALSE
simplejson,6,FALSE
paludis,6,TRUE
maven3,9,FALSE
joe-editor,10,TRUE
libtool,15,FALSE
e2fsprogs,15,FALSE
powermock,4,FALSE
kmymoney2,11,FALSE
pyamf,5,TRUE
bmpx,4,TRUE
sequel-pro,4,FALSE
fluent-nhibernate,4,FALSE
boinc,7,FALSE
pf,17,FALSE
web2py,2,FALSE
doctrine,6,FALSE
openmeetings,5,FALSE
GraphicsMagick,14,FALSE
rdesktop,12,FALSE
k9mail,4,FALSE
junit,11,FALSE
pnotepad,10,FALSE
dwarftherapist,3,FALSE
aquamacs,27,FALSE
alternc,9,FALSE
html-template,9,TRUE
devhelp,11,FALSE
ibus-cloud-pinyin,1,TRUE
tcpdump,13,FALSE
markdownj,7,FALSE
winscp,9,FALSE
config,20,FALSE
glew,8,TRUE
supertuxkart,5,FALSE
xinetd,9,FALSE
smultron,2,TRUE
milkthecow,4,TRUE
yum,10,FALSE
sakai,6,FALSE
dspam,8,FALSE
dwm,6,FALSE
urlrewrite,5,FALSE
lfs,11,FALSE
boost,10,FALSE
asdf,9,TRUE
exult,9,TRUE
sage,3,FALSE
capistrano,7,FALSE
omniorb,3,TRUE
glazedlists,9,FALSE
octave,19,FALSE
fbc,7,FALSE
webob,5,FALSE
docky,3,FALSE
flotr,4,FALSE
silverstripe,5,FALSE
quilt,9,FALSE
mercurialeclipse,7,FALSE
ardour,7,FALSE
dosbox,10,FALSE
launchpad,8,FALSE
tint2,4,FALSE
lighttpd,7,FALSE
ettercap,11,FALSE
osg,11,FALSE
facelets,5,TRUE
meld,10,FALSE
DAV,6,FALSE
factory-girl,4,FALSE
sbcl,12,FALSE
ufraw,7,FALSE
dompdf,7,FALSE
Bombus,5,TRUE
SqueezeCenter,8,TRUE
gnome-tracker,6,FALSE
pidgin,12,FALSE
phpcs,6,FALSE
iphone-color-picker,2,TRUE
infinitas,2,FALSE
requirejs,3,FALSE
rubinius,6,FALSE
exist,9,FALSE
www-mechanize,4,TRUE
django-registration,2,TRUE
richfaces,5,FALSE
spamassassin,8,FALSE
tiled-qt,4,FALSE
ncmpc,8,FALSE
drizzle,4,FALSE
annas-graph,4,FALSE
boo,8,FALSE
orchard,3,FALSE
sapphire,2,FALSE
gnumeric,14,FALSE
avidemux,8,FALSE
StatSVN,5,TRUE
netsnmp,18,FALSE
simpletest,8,TRUE
swingx,7,FALSE
php-js,4,FALSE
textmate_bundles,8,FALSE
apache-axiom,6,FALSE
nexuiz,7,TRUE
pam-face-authentication,4,FALSE
linuxdcpp,7,FALSE
tine20,5,FALSE
arbit,4,TRUE
couchdb,4,FALSE
dvdrtools,5,TRUE
php-dropbox,1,TRUE
gobo-eiffel,15,FALSE
freemarker,12,FALSE
awstats,12,FALSE
oh-my-zsh,3,FALSE
backuppc,10,FALSE
gnome-commander,11,FALSE
openproj,5,FALSE
stepmania,11,TRUE
concretecms,4,FALSE
pencil-firefox,4,FALSE
darktable,3,FALSE
nautilus,15,FALSE
pmd,10,FALSE
rsync,16,FALSE
dojo,5,FALSE
ndoc,8,TRUE
sqlobject,7,FALSE
structuremap,6,FALSE
automapperhome,3,FALSE
firestarter,4,TRUE
estudy,4,FALSE
jts-topo-suite,2,FALSE
gitolite,0,FALSE
werkzeug,5,FALSE
openrasta,3,FALSE
libjpeg,4,TRUE
mcabber,7,FALSE
axiscommerce,4,FALSE
ultravnc,5,FALSE
scribite,4,FALSE
dtach,11,FALSE
zodb,15,FALSE
activiti,2,FALSE
acegisecurity,8,FALSE
glibc,23,FALSE
madwifi,9,FALSE
amfphp,3,TRUE
openlaszlo,6,FALSE
ant,12,FALSE
aspnet-mvc,0,FALSE
colloquy,9,FALSE
qooxdoo,7,FALSE
SHFB,2,FALSE
windowmaker,14,FALSE
nagiosql,3,TRUE
clip,4,FALSE
netbsd,26,FALSE
tigasexmpp,7,FALSE
ganttproject,9,FALSE
velocity,12,FALSE
shotwell,3,FALSE
factor,5,FALSE
exherbo,5,FALSE
egit,3,FALSE
m2e-android,2,FALSE
perl-xml-simple,6,TRUE
portableapps,5,FALSE
kile,9,FALSE
php-gtk,11,FALSE
NHibernateContrib,4,TRUE
toxiclibs,5,FALSE
vi,3,TRUE
moodle,11,FALSE
snort,12,TRUE
observium,5,FALSE
znc,8,FALSE
ehcache,6,FALSE
gnome-terminal,10,FALSE
librefm,3,FALSE
zimbra,2,TRUE
nhibernate,9,FALSE
brlcad,28,FALSE
opscode-chef,4,FALSE
telepathy-gabble,6,FALSE
sugar,6,FALSE
enigmail,11,FALSE
dotclear,2,TRUE
svnedge,3,FALSE
freetype,15,FALSE
joda-time,8,FALSE
ApacheRave,1,FALSE
gnome-boxes,1,FALSE
Openfire,5,FALSE
codeblocks,8,FALSE
mypaint,8,FALSE
rakudo,6,FALSE
amanda,15,FALSE
outlet,4,TRUE
erlang,3,FALSE
ree,12,TRUE
SHR,4,FALSE
gst,8,FALSE
gsl,16,FALSE
game_0ad,9,FALSE
cakephp-debugkit,3,FALSE
metasploit,6,FALSE
tortoisecvs,11,TRUE
jbehave,3,FALSE
sox,13,FALSE
deadbeef,3,FALSE
tracks,7,FALSE
cmus,7,FALSE
mldonkey,10,FALSE
bigbluebutton,4,FALSE
nlog,8,FALSE
psutil,4,FALSE
valgrind,10,FALSE
usbloader-gui,3,FALSE
mplayer,11,FALSE
padre,4,FALSE
asterisk,13,FALSE
Pcsx2,5,FALSE
openam,2,FALSE
bison,21,FALSE
wxpython,5,FALSE
coldbox,5,TRUE
pitivi,8,FALSE
FubuMVC,2,FALSE
virtualbox,10,FALSE
artifactory,0,FALSE
stendhal,8,FALSE
CEGUI,8,FALSE
muse,7,TRUE
pdfcreator,8,FALSE
communitymapbuilder,11,FALSE
netty,4,FALSE
uClibc,12,FALSE
dtango,6,FALSE
CodeIgniter,6,FALSE
mod_wsgi,5,FALSE
alfresco,6,FALSE
jmeter,14,FALSE
zeoslib,6,FALSE
unixodbc,11,FALSE
midgard,6,FALSE
Axiom3D,9,FALSE
saxon,9,TRUE
geany,7,FALSE
tellico,11,FALSE
gmpc,8,FALSE
openlp,5,FALSE
gksu,6,TRUE
p4155,6,FALSE
zsnes,8,TRUE
dtc,9,FALSE
vserver,9,TRUE
pmwiki,8,FALSE
xml-commons,11,FALSE
centerim,11,TRUE
kdesvn,7,FALSE
dssi,8,FALSE
dcplusplus,8,TRUE
Ace3,5,FALSE
jbpm,4,FALSE
olv,2,FALSE
jgit,3,FALSE
jekyll,4,FALSE
gtkmm,9,FALSE
recordmydesktop,4,TRUE
free-download-manager,5,FALSE
mw3d,4,TRUE
mifos,6,FALSE
jenkins,8,FALSE
dnn,3,FALSE
tesseract-ocr,5,FALSE
keepassx,7,FALSE
specs,5,FALSE
ccl,9,FALSE
ntp-pool,7,FALSE
moodle_lang,6,FALSE
equinox,11,FALSE
celestia,10,TRUE
audacious,7,FALSE
firebreath,3,FALSE
paste,7,FALSE
IrrlichtEngine,6,FALSE
arora,4,FALSE
yade,7,FALSE
gembundler,2,FALSE
ac3filter,1,TRUE
pushbuttonengine,2,TRUE
compiz,6,FALSE
cake-syrup,5,TRUE
gupnp,6,FALSE
coppermine,9,FALSE
eclipse-jdt,11,FALSE
fengoffice,3,TRUE
PPI-perl,6,FALSE
JsonNET,5,FALSE
storm,6,FALSE
vnc-tight,7,TRUE
commons-logging,10,FALSE
stxxl,7,FALSE
gwibber,5,FALSE
helenos,7,FALSE
mandriva-linux,13,FALSE
cpants,5,FALSE
poi,10,FALSE
tmux,5,FALSE
ontowiki,8,FALSE
desmume,6,FALSE
gedit-plugins,9,FALSE
maven-android-plugin,4,FALSE
fontmatrix,5,FALSE
KumbiaPHP_framework,10,FALSE
south,4,FALSE
ffmpeg,11,FALSE
bootstrap-from-twitter,1,FALSE
django-extensions,5,FALSE
pnp4nagios,3,FALSE
macfuse,3,TRUE
Spark,6,FALSE
egroupware,12,FALSE
sdl,13,FALSE
kpdf,5,TRUE
matplotlib,9,FALSE
sickbeard,3,FALSE
upx,12,TRUE
ode,6,FALSE
icedtea,5,FALSE
opencms,12,FALSE
dragonplayer,5,FALSE
SharpDevelop,7,FALSE
sunflower,2,FALSE
vanillaforums,6,FALSE
gaforflash,4,FALSE
geany-plugins,5,FALSE
curl,12,FALSE
coffeescript,2,FALSE
wine,19,FALSE
squirrelmail,13,FALSE
sane,18,FALSE
gtg,4,FALSE
py-pandas,3,FALSE
latex,15,FALSE
Apache-OFBiz,6,FALSE
cappuccino,4,FALSE
compass,4,FALSE
MicroB,3,TRUE
PyPi,10,FALSE
shindig,4,FALSE
ncmpcpp,4,FALSE
ack,6,FALSE
PyICQt,6,TRUE
YaST,12,FALSE
sqlyog,6,FALSE
texniccenter,7,TRUE
gwt-maven,6,FALSE
gconf,13,FALSE
openbravo,5,FALSE
rdflib,8,FALSE
etckeeper,5,FALSE
mod_perl,12,FALSE
zf2,3,FALSE
kadu,10,FALSE
pygame,12,FALSE
claws-mail,11,TRUE
ipcop,11,FALSE
ankhsvn,9,FALSE
defender,6,TRUE
springlobby,5,FALSE
asm,10,FALSE
openwrt,6,FALSE
org-mode,4,FALSE
qvm86,1,TRUE
xine,11,FALSE
solr,6,FALSE
commons-email,8,FALSE
marauroa,9,FALSE
e107,8,FALSE
salt,1,FALSE
pcb,9,FALSE
rdiff-backup,9,TRUE
pdepend,4,FALSE
webrat,4,FALSE
wayland,11,FALSE
squirrel-sql,11,FALSE
drupal-ecommerce,5,TRUE
opengrok,6,FALSE
racket,8,FALSE
bos,8,FALSE
mootools-more,4,FALSE
eyeos,5,FALSE
mojomojo,7,FALSE
suricata-engine,4,FALSE
gzip,19,FALSE
tidy,9,TRUE
syslinux,14,FALSE
restlet,7,FALSE
gnuplot,14,FALSE
fcitx,8,FALSE
xchat,10,FALSE
xfce,10,FALSE
ekg2,9,FALSE
cia,5,FALSE
editra,5,FALSE
marble,6,FALSE
phpexcel,2,FALSE
xen,10,FALSE
emforge,6,TRUE
itk,12,FALSE
joomfish,9,FALSE
ecls,11,FALSE
launchy,6,TRUE
rsnapshot,9,FALSE
roundup,11,FALSE
offlineimap,10,FALSE
qcad,4,TRUE
buzztard,10,FALSE
numpy,10,FALSE
groovy_eclipse,6,TRUE
midori,4,FALSE
lutece,6,FALSE
swftools,11,FALSE
lives,8,FALSE
oauth,5,FALSE
adempiere,6,FALSE
akeeba,4,FALSE
joomla-platform,3,FALSE
quicklisp,2,FALSE
moinmoin,7,FALSE
atheme,7,FALSE
infrarecorder,6,FALSE
smslib,4,FALSE
lyx,13,FALSE
findutils,16,FALSE
xfree86,16,TRUE
cacti,5,FALSE
opensimulator,5,FALSE
dapper-dot-net,1,FALSE
solrnet,5,FALSE
Macfusion,1,TRUE
chrome,4,FALSE
iceweasel,4,FALSE
dom4j,5,TRUE
zend_framework,4,FALSE
openjdk,4,FALSE
zxing,5,FALSE
ampache,7,FALSE
scilab,11,FALSE
dokeos,7,TRUE
Nexus,4,FALSE
samba,4,FALSE
oprofile,12,FALSE
geomajas,5,FALSE
git,7,FALSE
roxterm,2,FALSE
topgit,4,TRUE
grml,7,FALSE
gvsig-desktop,8,FALSE
gallery,10,FALSE
buildroot,10,FALSE
strace,13,FALSE
nfs,9,TRUE
warsow,1,TRUE
jamin,9,TRUE
dbmail,11,FALSE
reactos,16,FALSE
llvm,11,FALSE
tar,22,FALSE
libphobos,5,FALSE
teeworlds,5,FALSE
emma,3,TRUE
packetfence,4,FALSE
commons-io,5,FALSE
planeshift,11,FALSE
CruiseControlRuby,5,FALSE
passwordsafe,11,FALSE
tkabber,10,FALSE
rygel,4,FALSE
opensips,7,FALSE
swfmill,7,FALSE
msysgit,5,FALSE
axel,3,TRUE
mapserver,12,FALSE
thunderbird,14,FALSE
tweetsharp,1,FALSE
googleappengine,3,FALSE
gettext,12,FALSE
nix,9,FALSE
atl,8,FALSE
foresight-linux,7,FALSE
poedit,12,FALSE
bibdesk,10,FALSE
sozi,2,FALSE
xoopscube,8,FALSE
servicemix,4,FALSE
nunit,12,FALSE
struts2-jquery,3,FALSE
skype4pidgin,5,FALSE
macvim,8,FALSE
eggdrop,13,FALSE
xunit,0,FALSE
request-tracker,14,FALSE
l2jdp,7,FALSE
eog,13,FALSE
ISTool,3,TRUE
mono,11,FALSE
yate,8,FALSE
hurd,21,FALSE
haiku,10,FALSE
hydrogen,5,FALSE
ratpoison,12,FALSE
kvm,7,FALSE
calibre,6,FALSE
ies4linux,2,TRUE
OpenNMS,10,FALSE
bukkit,1,FALSE
kdiff3,10,FALSE
konsole,14,FALSE
Tulip,7,FALSE
gerrit,4,FALSE
gegl,12,FALSE
mpc-hc,6,FALSE
utorrent-client,4,TRUE
startrekguide,3,TRUE
tabmixplus,1,FALSE
yui,5,FALSE
umit,5,FALSE
grass_gis,12,FALSE
neooffice,9,FALSE
python-markdown,6,FALSE
sparkviewengine,4,FALSE
zlib,1,FALSE
hudson,6,FALSE
tryton,4,FALSE
pytables,10,FALSE
pokenetonline,2,TRUE
backbonejs,2,FALSE
geoext,3,FALSE
gEDA,13,FALSE
castleproject,8,FALSE
aur,8,FALSE
lucene,12,FALSE
prototype,5,FALSE
app-engine-patch,1,TRUE
mapfish,5,TRUE
gnome-shell,4,FALSE
cocos2d-iphone,4,FALSE
magnolia,8,FALSE
gource,3,FALSE
remind,16,FALSE
aptana,9,FALSE
zenoss,8,FALSE
expat,15,FALSE
swank-clojure,4,FALSE
gwt-platform,2,FALSE
openwebmail,11,FALSE
vtiger,6,FALSE
css,1,TRUE
wireshark,14,FALSE
acceleo-eclipse,3,FALSE
scribus,9,FALSE
svnkit,7,FALSE
psp-maps,4,TRUE
libtheora,10,FALSE
openapc,2,FALSE
gedit,14,FALSE
ledger,9,FALSE
ingres,4,FALSE
GeSHi,7,FALSE
hsqldb,10,FALSE
gitlab,1,FALSE
galeon,10,TRUE
Fink,11,FALSE
stumpwm,9,TRUE
opensuse-linux,12,FALSE
cobbler,6,FALSE
WebGUI,11,FALSE
inferno-os,5,FALSE
wmii,7,TRUE
scim,10,FALSE
sugarcrm,1,FALSE
ohloh,4,TRUE
mongo-java-driver,3,FALSE
npgsql,10,FALSE
pyccuracy,3,FALSE
django-tagging,4,TRUE
sauerbraten,8,FALSE
john-the-ripper,10,FALSE
libusb,12,FALSE
cassandra,3,FALSE
lastfm,5,TRUE
pango,15,FALSE
kompozer,4,TRUE
impresscms,4,FALSE
wxglade,10,FALSE
maven-scm,8,FALSE
swfdec,9,TRUE
openembedded,9,FALSE
axis-java,11,FALSE
falcon,10,FALSE
cppcheck,5,FALSE
hbase,5,FALSE
gwenview,5,FALSE
vaadin,6,FALSE
virtuawin,12,FALSE
json-lib,5,TRUE
hibernate-tools,4,TRUE
magento,4,FALSE
libssh2,7,FALSE
uzbl,2,FALSE
ScrewTurnWiki,3,FALSE
Gallio,5,FALSE
jvcl,10,FALSE
MozillaCalendar,14,FALSE
krumo,1,TRUE
pyunit,4,TRUE
kino,11,TRUE
go,40,FALSE
graphviz,7,FALSE
pootle,6,FALSE
heimdal,20,FALSE
freerapid,4,FALSE
quantaplus,12,FALSE
warzone2100,7,FALSE
gimp,15,FALSE
xcache,6,FALSE
pisg,10,TRUE
openvz,7,FALSE
sdl_mixer,12,TRUE
libxml2,14,FALSE
xvid,10,FALSE
shift,2,TRUE
notepad-plus,3,FALSE
pygtk,13,TRUE
socat,4,FALSE
griffon,4,FALSE
poppler,7,FALSE
lithium,3,FALSE
phpgedview,6,FALSE
konqueror,15,FALSE
kmess,9,FALSE
ibus,4,FALSE
gnupg,15,FALSE
yasm,11,FALSE
ddd,15,TRUE
aspirerfid,4,FALSE
fldigi,5,FALSE
xith3d,9,FALSE
pymvpa,5,FALSE
fest,5,FALSE
cfengine,4,FALSE
transmission,6,FALSE
dovecot,10,FALSE
three20,3,FALSE
smw,6,FALSE
virtuemart,7,FALSE
iat,2,TRUE
svg-edit,3,FALSE
OpenFlashChart,3,TRUE
xom,8,TRUE
TrinityCore,4,FALSE
nette,6,FALSE
banshee,7,FALSE
anope,8,FALSE
lame,13,FALSE
emesene,4,FALSE
python-babel,5,FALSE
puppet,7,FALSE
wicd,5,FALSE
zk,6,FALSE
lambdabot,5,TRUE
rvm,3,FALSE
WordPressMU,6,TRUE
groff,12,FALSE
gnucash,15,FALSE
qtparted,9,FALSE
cdt,10,FALSE
wxwidgets,14,FALSE
weka,4,FALSE
spring,8,FALSE
libgdx,2,FALSE
taskwarrior,4,FALSE
do4,7,TRUE
bitcoin,3,FALSE
zabbix,11,FALSE
beautifulsoup,5,FALSE
boto,6,FALSE
gnome,15,FALSE
flyspray,9,FALSE
automake,20,FALSE
imager-perl,11,FALSE
openoffice,12,FALSE
phplist,9,FALSE
jelix,6,FALSE
FluxBB,0,FALSE
hyperic,6,FALSE
limesurvey,9,FALSE
jogl,9,FALSE
scintilla,12,FALSE
moovida,5,TRUE
hpricot,6,FALSE
zenphoto,5,FALSE
commons-pool,4,FALSE
jforum,7,TRUE
eclipse-scala-plugin,4,FALSE
gajim,9,FALSE
mintty,3,FALSE
apache-opennlp,1,FALSE
merb,4,TRUE
conemu-maximus5,1,FALSE
bricolage,11,FALSE
neurodebian,3,FALSE
sdl_image,10,TRUE
opendj,6,FALSE
dolphin,11,FALSE
textpattern,8,FALSE
jaws,7,FALSE
sharp-architecture,4,FALSE
geeklog,11,FALSE
knockoutjs,2,FALSE
springmodules,4,TRUE
Gentoo-Sunrise,6,FALSE
habari-extras,4,FALSE
eet,9,FALSE
Darwin,7,FALSE
MediaPortal,8,FALSE
hazelcast,3,FALSE
hugs,9,TRUE
postgis,11,FALSE
infozip,1,TRUE
buddypress,3,FALSE
atomikframework,4,TRUE
commons-digester,11,FALSE
powertop,2,FALSE
encog,4,FALSE
monit,8,TRUE
i18n-zh,6,TRUE
libgd,5,TRUE
jokosher,6,FALSE
elbe,6,FALSE
jain-sip,8,TRUE
lvm,11,FALSE
xwiki,6,FALSE
strongswan,7,FALSE
icewm,9,TRUE
iodine,6,FALSE
mule,7,FALSE
adonthell,12,FALSE
Mumble,7,FALSE
vim,12,FALSE
pkgsrc,15,FALSE
etoile,8,FALSE
hippositetoolkit,4,FALSE
protobuf,4,FALSE
cfeclipse,6,TRUE
secondlife-viewer,5,FALSE
jquerysheet,2,FALSE
openacs,11,FALSE
jinja,5,FALSE
phpbms,5,TRUE
gwt,5,FALSE
tsung,11,FALSE
pandoc,6,FALSE
lua,4,FALSE
cs,13,FALSE
setuptools,8,TRUE
mylyn-mantis,5,FALSE
nokogiri,4,FALSE
phpunit,6,FALSE
evolution,14,FALSE
aws,13,FALSE
bluez,11,FALSE
guile,16,FALSE
mailscanner,0,FALSE
android,4,FALSE
MooTools,4,FALSE
oro,11,TRUE
dunit,12,FALSE
libogg,12,FALSE
linux,10,FALSE
Titan,2,FALSE
clojure,6,FALSE
yii,4,FALSE
djangobb,3,FALSE
clamav,9,FALSE
xcb,11,FALSE
apache-continuum,7,FALSE
clang,5,FALSE
zen-coding,4,FALSE
stgit,7,FALSE
exaile,6,FALSE
jquery-lightbox,2,TRUE
cubicweb,6,FALSE
irssi,13,FALSE
tomcat,11,FALSE
m2eclipse,1,FALSE
sawfish,15,FALSE
cel,11,FALSE
dune-project,9,FALSE
jslint,2,FALSE
evemon,6,FALSE
openfrag,2,TRUE
k3b,11,FALSE
sparse,9,FALSE
authlogic,4,FALSE
jgraph,2,TRUE
wcv,5,FALSE
connman,4,FALSE
calligra,14,FALSE
jquery-ui,4,FALSE
anyedittools,3,FALSE
plasma-addons,5,FALSE
xetex,7,FALSE
pylons,6,FALSE
phpmailer,1,FALSE
xbmc,9,FALSE
virt-manager,6,FALSE
primefaces,3,FALSE
qbittorrent,6,FALSE
mantis,11,FALSE
twisted,11,FALSE
akka,3,FALSE
hibernate-search,5,FALSE
easybeans,6,FALSE
ncdu,5,FALSE
cryptsync,0,FALSE
xinc-continuous-integration-for-php,5,FALSE
sipxecs,2,FALSE
devkitpro,8,FALSE
webadmin,5,FALSE
thunar,7,FALSE
gv,8,FALSE
openldap,14,FALSE
log4j,11,FALSE
mediawiki-widgets,4,FALSE
sqlalchemy,7,FALSE
openbabel,11,FALSE
spring_net,8,TRUE
patchutils,8,TRUE
conkeror,8,FALSE
FreeIPA,5,FALSE
mesa,13,FALSE
pardus-linux,7,FALSE
ramaze,6,FALSE
openafs,12,FALSE
musicbrainz-server,12,FALSE
mambo,1,TRUE
dokuwiki,7,FALSE
awesome,5,FALSE
cscope,12,FALSE
stonesoup,7,FALSE
slime,9,FALSE
paperclip,5,FALSE
kstars,11,FALSE
reportlab,12,FALSE
rockbox,10,FALSE
PrestaShop,3,FALSE
ror,4,FALSE
xuggle,3,FALSE
pysqlite,8,TRUE
FirePHP,5,TRUE
django-diario,5,FALSE
Dina-Project,3,TRUE
eclipse-gmp,7,FALSE
tango,6,TRUE
gnutls,12,FALSE
libxslt,15,FALSE
xapian,13,FALSE
shogun,6,FALSE
iptables,12,FALSE
func,5,FALSE
migratordotnet,4,TRUE
quassel,6,FALSE
workrave,10,FALSE
tuscany,6,FALSE
EveHQ,4,FALSE
jabref,9,FALSE
phpbb,11,FALSE
bbdb,15,FALSE
dotproject,10,TRUE
racesow,4,FALSE
commons-cli,10,FALSE
mame,4,FALSE
infinispan,3,FALSE
twiki,12,FALSE
courier,14,TRUE
shorewall,10,FALSE
anaconda,13,FALSE
synaptic,9,FALSE
latex-beamer,9,FALSE
i3geo,5,FALSE
unison,7,FALSE
extjs,0,FALSE
bitlbee,7,FALSE
deki,6,FALSE
tunnelblick,4,FALSE
nagiosplug,10,FALSE
amsn,10,FALSE
maven1,7,TRUE
jasig_uportal,12,FALSE
openssl,13,FALSE
picard,6,FALSE
openmpi,9,FALSE
watin,6,FALSE
opproject,5,TRUE
scalacheck,5,FALSE
gtksharp,11,FALSE
php-doc-translations,12,FALSE
coreboot,9,FALSE
kolibrios,7,FALSE
agavi,7,TRUE
kamailio,6,TRUE
plone,10,FALSE
getk2,3,FALSE
fontforge,11,FALSE
vtk,18,FALSE
chromiumos,12,FALSE
jaxb,8,FALSE
OrangeHRM,6,FALSE
amarok,9,FALSE
bzr-gtk,7,FALSE
cinepaint,8,TRUE
camstudio,4,FALSE
opensync,8,TRUE
izpack,10,FALSE
scorched3d,9,FALSE
cspspemu,1,FALSE
xmms2-scrobbler,6,TRUE
flex,25,FALSE
haml,6,TRUE
openjpa,6,FALSE
shrinkwrap,3,FALSE
rack,5,FALSE
linuxmint,3,FALSE
openbox,10,FALSE
crux,7,FALSE
django-cms,3,FALSE
htDig,9,TRUE
avahi,7,FALSE
typo3-flow,4,FALSE
mingw,2,FALSE
maven-license-plugin,2,TRUE
kid,3,TRUE
zookeeper,5,FALSE
msmtp,6,FALSE
gnulib,20,FALSE
nooku,4,FALSE
wtl,8,FALSE
xmobar,5,FALSE
nifty-gui,4,FALSE
ghc,16,FALSE
docbook,12,FALSE
EasyCreator,4,FALSE
ejabberd,10,FALSE
struts1,11,TRUE
eZPublish,10,FALSE
lilith,4,FALSE
kdenlive,4,FALSE
pgadmin,10,FALSE
libgcrypt,15,FALSE
Texinfo,10,FALSE
clansphere,3,FALSE
inkscape,6,FALSE
innosetup,1,FALSE
metro,6,FALSE
swift,2,FALSE
grails,7,FALSE
s2putty,3,TRUE
symfony,7,FALSE
windirstat,7,TRUE
lxde,6,FALSE
binutils,13,FALSE
novacc,2,FALSE
blueprintcss,5,TRUE
makehuman,4,FALSE
ctags,11,FALSE
bittorrent,4,TRUE
ccache,10,FALSE
phpundercontrol,5,TRUE
coin3d,13,FALSE
telepathy-kde,3,FALSE
gnokii,13,FALSE
picocontainer,9,FALSE
supybot,9,FALSE
rproject,15,FALSE
m0d,2,TRUE
htop,6,FALSE
screen,6,FALSE
hildon-app-mgr,4,TRUE
panda3d,12,FALSE
redmine,6,FALSE
cmake,12,FALSE
oryx-editor,4,FALSE
josm,7,FALSE
xoops,7,FALSE
dolphin-emu,4,FALSE
gitg,4,FALSE
bugzilla,14,FALSE
geos,10,FALSE
compiere,6,TRUE
totem,10,FALSE
easytag,2,FALSE
bochs,11,FALSE
gdal,5,FALSE
grisbi,10,FALSE
i3_wm,3,FALSE
songbird,6,FALSE
MyGUI,4,FALSE
magpierss,4,TRUE
performous,6,FALSE
mailman,15,FALSE
camping,6,FALSE
cdrdao,11,TRUE
psi,5,FALSE
keychain,10,TRUE
sed,8,FALSE
zc-buildout,6,FALSE
thrift,6,FALSE
bpython,3,FALSE
joram,12,FALSE
glob2,11,FALSE
modx,7,FALSE
ixthemes,3,TRUE
apt,9,FALSE
cglib,10,FALSE
projecthamster,5,FALSE
growl,8,FALSE
gnustep,8,FALSE
jinput,8,TRUE
haxe,7,FALSE
mutt,14,FALSE
ndiswrapper,9,FALSE
lm-sensors,14,FALSE
weberp,8,FALSE
mc,15,FALSE
joomla,7,FALSE
handbrake,6,FALSE
prosody,4,FALSE
doxygen,12,FALSE
displaytag,9,FALSE
pligg,6,FALSE
telepathy,7,FALSE
apache-james,13,FALSE
kss,7,FALSE
Snowball_Stemming_Algorithms,11,FALSE
jasperserver,6,FALSE
fusion,6,FALSE
rhino,13,TRUE
liquibase,5,FALSE
oradev,1,TRUE
rpm,17,FALSE
mojo,8,FALSE
radiant,4,FALSE
openssh,13,FALSE
dblinq,4,TRUE
sphinx,5,FALSE
svk,8,TRUE
jmol,13,FALSE
datamapper,4,FALSE
mercurial,7,FALSE
wikka,7,FALSE
konversation,10,FALSE
nancyfx,2,FALSE
postgres,16,FALSE
proftpd,14,FALSE
mevenide2,5,TRUE
chiliproject,6,FALSE
PsychoPy,4,FALSE
diffutils,20,FALSE
themanaworld,7,FALSE
pyjamas,4,FALSE
argouml,14,FALSE
scala,9,FALSE
waf,2,FALSE
prism,5,TRUE
fife,8,FALSE
wordpress-plugins,7,FALSE
qgit,6,TRUE
python,22,FALSE
tor,10,FALSE
eventlet,4,FALSE
springrts,7,FALSE
phpids,5,FALSE
flamerobin,8,FALSE
eclipselink,5,FALSE
gradle,4,FALSE
busybox,13,FALSE
smplayer,5,FALSE
geronimo,6,FALSE
lxml,8,FALSE
adminer,5,FALSE
eiffelstudio,19,FALSE
nmap,7,FALSE
dwr,8,FALSE
psycopg,8,FALSE
wso2carbon,4,FALSE
liferay,6,FALSE
zotero,6,FALSE
quartznet,5,FALSE
mcrypt,9,TRUE
illumos,7,FALSE
jpos,14,FALSE
koji,5,FALSE
movabletype,3,TRUE
erp5,9,FALSE
quickeasyphp,2,TRUE
ninesixtygridsystem,2,TRUE
xml-copy-editor,5,TRUE
thin,5,FALSE
osm,8,FALSE
gnome-planner,8,FALSE
gpick,3,FALSE
grafx2,5,FALSE
viewgit,4,FALSE
R-project_,15,FALSE
vdr,12,FALSE
gnuaccounting,5,FALSE
pingus,5,TRUE
fallenswordhelper,4,FALSE
cayenne,5,FALSE
flask,2,FALSE
gsoap,2,FALSE
theoutcast,2,TRUE
openstack,2,FALSE
bitten,7,FALSE
subclipse,9,FALSE
swiftmailer,5,FALSE
HAProxy,6,FALSE
gkrellm,4,FALSE
coherence,6,FALSE
coverage,3,FALSE
xerces-c,13,FALSE
topcased,8,FALSE
mondrian,10,FALSE
shutter,4,FALSE
Coccinella,9,TRUE
mysql-python,13,FALSE
kupu,9,TRUE
homebrew,3,FALSE
mksh,9,FALSE
gitextensions,4,FALSE
rekonq,3,FALSE
Foswiki,4,FALSE
qjackctl,9,FALSE
log4perl,8,TRUE
gunicorn,3,FALSE
testng,6,FALSE
archlinux,10,FALSE
filebot,4,FALSE
xfce-terminal,8,FALSE
perl-ldap,12,FALSE
sub-exporter,6,FALSE
digikam,8,FALSE
xournal,6,FALSE
nsis,10,FALSE
giggle,5,FALSE
libreoffice,12,FALSE
revelation,8,FALSE
taskcoach,7,FALSE
bacula,10,FALSE
opscode-cookbooks,3,FALSE
ikiwiki,6,FALSE
ffdshow,10,FALSE
jaws-arts,5,FALSE
qemu,9,FALSE
guava-libraries,3,FALSE
aptitude,13,FALSE
Errai,3,FALSE
cdo,6,FALSE
petals,7,FALSE
squid,16,FALSE
fcrepo,2,FALSE
xmonad,5,TRUE
lilypond,16,FALSE
biojava,12,FALSE
node_js,3,FALSE
processing,11,FALSE
xlib,9,FALSE
network-manager,8,FALSE
SubtextProject,7,TRUE
facter,7,FALSE
ace,16,FALSE
simple-build-tool,2,TRUE
couchdb-python,5,FALSE
punbb,4,TRUE
hal,9,TRUE
freebsd-ports,18,FALSE
gutenprint,13,FALSE
systemd,3,FALSE
appfuse,8,FALSE
gftp,7,TRUE
orientdb,2,FALSE
gentoo,12,FALSE
logicaldoc,4,FALSE
xvidcap,7,TRUE
phpmd,3,FALSE
websvn,8,FALSE
jaxen,11,FALSE
karaf,5,FALSE
sbt,3,FALSE
portupgrade,6,FALSE
owa,6,FALSE
simplesamlphp,5,FALSE
Miro,7,FALSE
OcamlBatteries,4,FALSE
terminal,2,TRUE
emacs,27,FALSE
fdo,6,FALSE
ocaml,17,FALSE
yaws,10,FALSE
wix,8,FALSE
mangos,7,FALSE
mobbler,4,FALSE
sword,13,FALSE
phing,6,FALSE
kompare,7,FALSE
jahia,3,FALSE
kcachegrind,10,FALSE
subversive,5,FALSE
eventmachine,4,FALSE
flashdevelop,4,FALSE
aegirproject,4,FALSE
blackbox,8,TRUE
phd,5,FALSE
newsbeuter,6,FALSE
ckeditor,1,FALSE
rsyslog,8,FALSE
fundroid,4,FALSE
filezilla,11,FALSE
commons-configuration,8,TRUE
Python-Ogre,6,TRUE
bash,16,FALSE
lunar-linux,10,FALSE
rosegarden,11,FALSE
neo4j-graphdb,5,FALSE
ownCloud,2,FALSE
args4j,7,TRUE
xiphos,12,FALSE
cakephp,7,FALSE
libdmtx,7,TRUE
yui-compressor,5,FALSE
libcurl,12,FALSE
mdadm,11,FALSE
vim-ruby,9,FALSE
jonas,7,FALSE
magit,4,FALSE
nant,11,FALSE
fura,2,TRUE
phptal,8,FALSE
OpenOLAT,1,FALSE
glib,14,FALSE
tt4j,3,FALSE
eclipse-mdt,9,TRUE
logback,6,FALSE
embox,2,FALSE
arduino,7,FALSE
derby,7,FALSE
gnash,6,FALSE
opscode-ohai,4,FALSE
vagrantup,2,FALSE
opensub,5,TRUE
dragonflybsd,9,FALSE
jetspeed2,4,FALSE
xchm,9,FALSE
docbkx-tools,5,FALSE
xmlunit,11,TRUE
buildbot,7,FALSE
itext,11,FALSE
cvblob,4,FALSE
connectbot,11,FALSE
itextsharp,4,FALSE
sonar-plugins,3,FALSE
ILSpy,1,FALSE
WebKit,11,FALSE
bbpress,2,FALSE
kajona,5,FALSE
cgit,5,FALSE
pylint,6,FALSE
coq,13,FALSE
hackndev,3,TRUE
grok,6,FALSE
elml,6,FALSE
opencsw,7,FALSE
hippo-plugin-easyforms,2,FALSE
jedit,12,FALSE
qsynth,9,FALSE
wxmaxima,7,FALSE
kismet,10,FALSE
pyopengl,13,FALSE
webdriver,2,FALSE
varnish,6,FALSE
struts,5,TRUE
cdash,5,FALSE
scipy,11,FALSE
tortoisehg,5,FALSE
pear,13,FALSE
libpcap,13,FALSE
drupal-contributions,7,FALSE
pekwm,6,FALSE
beagle,8,TRUE
udig,2,FALSE
template-toolkit,12,FALSE
coreutils,20,FALSE
pkg-config,7,FALSE
luxrender,5,FALSE
glassfish,1,FALSE
aion-unique,2,TRUE
putty,13,FALSE
selenium,2,FALSE
phpDocumentor,7,FALSE
nixpkgs,9,FALSE
nixos,8,FALSE
merkaartor,5,FALSE
django-rosetta,4,TRUE
commons-beanutils,5,TRUE
wesnoth,9,FALSE
xdebug,10,FALSE
lams,8,FALSE
ilias,10,FALSE
sylpheed,7,FALSE
snehasrinivas,8,TRUE
MaarchEntreprise,3,FALSE
wodim,6,TRUE
strigi,6,FALSE
prebuild,5,TRUE
kolab,10,FALSE
cheetah,11,FALSE
quicksilver,3,TRUE
alsa,14,FALSE
xampp,4,TRUE
camel,5,FALSE
libgdiplus,8,FALSE
looks,8,TRUE
openbios,6,FALSE
debian,16,FALSE
poco,6,FALSE
haddock,10,FALSE
closure-library,3,FALSE
deluge,6,FALSE
sass,6,FALSE
findbugs,9,FALSE
cppunit,12,FALSE
swi-prolog,20,FALSE
pywikipediabot,9,FALSE
memcached,9,FALSE
perlcritic,3,FALSE
noosfero,5,FALSE
freeswitch,7,FALSE
axis2,8,FALSE
fabric,4,FALSE
parrot,11,FALSE
Skim,5,FALSE
f-spot,9,FALSE
twitterizer,4,FALSE
freedroid,5,FALSE
jarios,4,FALSE
audacity,11,FALSE
nagvis,7,FALSE
vosao,3,FALSE
xchataqua,10,TRUE
cinelerra,9,TRUE
rabbitvcs,4,FALSE
ubiquity,4,FALSE
synergy-plus,3,FALSE
icu4c,13,FALSE
epiphany,9,FALSE
torcs,10,TRUE
tuxracer,1,TRUE
cmsmadesimple,8,FALSE
sound-juicer,9,FALSE
gitorious,5,FALSE
mozilla,14,FALSE
CloudStack,2,FALSE
roller,7,TRUE
mariadb,12,FALSE
inspector,11,FALSE
ispcp,6,FALSE
zathura-pdf-viewer,3,FALSE
javaserverfaces,5,FALSE
vncviewer,3,TRUE
sqlite-ruby,2,TRUE
diaspora,2,FALSE
arquillian,11,FALSE
TimesheetNextGen,4,FALSE
gitosis,3,TRUE
imagej,4,FALSE
freeciv,14,FALSE
ogreal,4,TRUE
aspell,11,TRUE
mrxvt,5,TRUE
emf_compare,5,FALSE
spacewalk,9,FALSE
speex,9,TRUE
osCommerce,7,FALSE
musescore,6,FALSE
freepascal,7,FALSE
libvorbis,13,FALSE
rst2pdf,4,FALSE
gpodder,7,FALSE
swfobject,3,TRUE
aria2,6,FALSE
cython,5,FALSE
jruby,11,FALSE
cpan,9,FALSE
freepbx,8,FALSE
git-gui,6,FALSE
umbrello,9,FALSE
lesscss,2,FALSE
roundcube,7,FALSE
commons-collections,11,FALSE
wicketpixie,3,TRUE
lazarus,12,FALSE
dozer,5,FALSE
phusion-passenger,4,FALSE
duplicity,10,FALSE
upp,4,FALSE
tonatiuh,3,FALSE
libglade,12,TRUE
poky,7,FALSE
firestats,6,FALSE
chemistry,2,FALSE
mysql,12,FALSE
krdc,7,FALSE
gant,5,FALSE
dotnetopenauth,4,FALSE
sourcemage,10,FALSE
scikit-learn,2,FALSE
wsdl4j,10,TRUE
systemtap,7,FALSE
tinyxml,11,TRUE
mathnet,3,FALSE
glade,11,FALSE
oxideshop,3,FALSE
google-collections,3,TRUE
coloane,5,FALSE
beanshell,3,TRUE
pymongo,3,FALSE
shoulda,5,FALSE
piwi,7,FALSE
lokalize,4,FALSE
tiles,7,FALSE
freecol,8,FALSE
gtk-doc,14,FALSE
pcman,3,FALSE
jhbuild,11,FALSE
greasemonkey,8,FALSE
esb,2,FALSE
mahout,4,FALSE
sudo,19,FALSE
jQuery,6,FALSE
catalyst,7,FALSE
scummvm,11,FALSE
pysoy,5,FALSE
android-astrid,3,FALSE
xulrunner,5,TRUE
wordpress,9,FALSE
celery,3,FALSE
mpdscribble,6,FALSE
vala,6,FALSE
melody,4,TRUE
openezx,9,TRUE
dbix-class,7,FALSE
django,7,FALSE
manialive,1,FALSE
sogo,8,FALSE
davmail,5,FALSE
apache,16,FALSE
gnome-terminator,6,FALSE
pulseaudio,8,FALSE
kalzium,10,FALSE
playframework,4,FALSE
poe,14,FALSE
firefox,10,FALSE
elmah,5,FALSE
GnomeVFS,11,TRUE
freshmeat_asterisk-java,7,TRUE
fso,4,FALSE
u-boot,12,FALSE
pypy,9,FALSE
krita,14,FALSE
agilo-trac,4,FALSE
xmpp4r,6,TRUE
elasticsearch,2,FALSE
dejavu,8,TRUE
kdelibs,15,FALSE
mpc,10,FALSE
cecil,2,FALSE
camino,10,FALSE
oofem,5,FALSE
tomboy,8,FALSE
sitracker,6,FALSE
simple-invoices,6,FALSE
choqok,3,FALSE
bashsimplecurses,3,FALSE
pdfbox,4,FALSE
kdevelop,13,FALSE
vip,7,FALSE
inspircd,9,FALSE
jabberlang,2,TRUE
tcltk,14,FALSE
ghostscript,14,FALSE
wwc,7,TRUE
taoframework,4,TRUE
flowplayer,6,FALSE
quodlibet,8,FALSE
eraser,5,FALSE
pinax,1,FALSE
obs,6,FALSE
mageia,2,FALSE
premake,9,FALSE
php-fpm,1,TRUE
jnode,9,FALSE
iolanguage,5,FALSE
munin,8,FALSE
warmux,7,TRUE
dia,15,FALSE
bitbake,9,FALSE
flightgear,15,FALSE
conky,7,FALSE
dpkg,16,FALSE
wget,12,FALSE
openal,5,FALSE
semantic-forms,5,FALSE
fusionforge,11,FALSE
awn,5,TRUE
prado,7,FALSE
system-config-printer,5,FALSE
debhelper,13,FALSE
hippocms7,4,FALSE
grep,14,FALSE
eathena,8,FALSE
scriptaculous,7,TRUE
soapui,4,FALSE
rake,9,FALSE
zope-cmf,11,FALSE
jackson,4,FALSE
citadel,14,FALSE
jetty,14,FALSE
eclipse-gef,10,FALSE
nantcontrib,10,FALSE
jack,11,FALSE
gtksourceview,10,FALSE
eclemma,6,FALSE
e17,4,FALSE
cpio,18,FALSE
zeromq,3,FALSE
propel,7,FALSE
lemonldap-ng,5,FALSE
modsecurity,5,FALSE
gate,13,FALSE
autoconf,20,FALSE
geoserver,10,FALSE
CuteFlow,5,TRUE
synfig,7,FALSE
PeerGuardian,1,TRUE
ArcEmu,4,FALSE
nano,12,FALSE
ehcache-spring-annotations,2,TRUE
sonata,6,FALSE
tiddlywiki,6,FALSE
redcloth,9,TRUE
GCstar,7,FALSE
flot,4,FALSE
anjuta,11,FALSE
quattor,4,FALSE
brasero,6,FALSE
friendica,2,FALSE
ntfs-3g,5,TRUE
apc,11,FALSE
neverball,9,FALSE
worldforge,14,FALSE
jna,5,FALSE
heidisql,5,FALSE
skin4eclipse,3,FALSE
tramp,14,FALSE
seahorse,9,FALSE
nitrogen,6,FALSE
tremulous,12,FALSE
typo3,9,FALSE
NServiceBus,5,FALSE
bluecove,6,TRUE
postgrey,8,TRUE
archlinux-packages,4,FALSE
kerberos,25,FALSE
slitaz,5,FALSE
mahara,6,FALSE
chatzilla,13,FALSE
q4e,4,TRUE
cyrus-imap,19,FALSE
fbreader,6,TRUE
seamonkey,13,FALSE
firebird,12,FALSE
vlc,13,FALSE
linux-ntfs,10,FALSE
ubiquity-xforms,3,TRUE
wammu,8,FALSE
icinga,12,FALSE
otwarchive,4,FALSE
gwt-ext,3,TRUE
scutil,4,FALSE
jboss,6,FALSE
fluxbox,10,FALSE
freebsd,19,FALSE
iterm,8,TRUE
smf,0,FALSE
kate,7,FALSE
sharpsvn,5,FALSE
php_beautifier,7,FALSE
mod_python,9,TRUE
bogofilter,10,FALSE
Shinken,3,FALSE
Arelle,1,FALSE
freemind,1,FALSE
texy,6,FALSE
xnoise-media-player,3,FALSE
opensolaris,6,TRUE
gammu,8,FALSE
chdk,5,FALSE
morphia,2,FALSE
hamcrest,6,FALSE
gawk,2,FALSE
chicken,10,FALSE
gdc,6,FALSE
fvwm,14,TRUE
yafray,5,TRUE
nel,2,FALSE
trac-hacks,8,FALSE
ecore,9,FALSE
django-mptt,4,FALSE
dbunit,10,FALSE
xmoto,5,FALSE
tinymce,6,FALSE
openlayers,6,FALSE
mojolicious,4,FALSE
mediawiki,9,FALSE
GDCM,7,FALSE
pharo,17,FALSE
openrc,5,FALSE
autofac,5,FALSE
bioperl,13,FALSE
caucho_resin,7,FALSE
akelos,6,TRUE
inetmessage,2,TRUE
Slick,6,TRUE
clamwin,7,TRUE
jabberd2,6,FALSE
python-ldap,12,FALSE
jersey,5,FALSE
qt5,3,FALSE
mason,13,FALSE
ci-cms,4,TRUE
vdrift,7,FALSE
ldc,5,FALSE
otserv,10,FALSE
qsampler,8,FALSE
wxperl,11,FALSE
jfreechart,8,FALSE
webpy,6,FALSE
masstransit,4,FALSE
ruby,14,FALSE
aspnet,0,FALSE
kmeleon,11,FALSE
anki,4,FALSE
netbeans,13,FALSE
jquerymobile,2,FALSE
console,7,TRUE
Hadoop,6,FALSE
fontconfig,10,FALSE
maemo,6,TRUE
db4o,7,FALSE
libvirt,7,FALSE
msn-pecan,5,FALSE
mpd,8,FALSE
rails,8,FALSE
mythtv,10,FALSE
mh-e,10,TRUE
OpenX,5,FALSE
strawberry-perl,5,FALSE
geeqie,12,FALSE
stateless,3,TRUE
taskjuggler,11,FALSE
checkstyle,11,FALSE
qt,4,FALSE
mephisto,4,TRUE
netsurf,10,FALSE
vagalume,5,FALSE
aforge,6,FALSE
ltb-project,3,FALSE
plexus,9,FALSE
vimperator,5,FALSE
iftop,10,TRUE
shareaza,8,FALSE
swt,11,TRUE
moc,8,FALSE
hibernate-validator,5,FALSE
cakephp-media,4,FALSE
gendarme,9,FALSE
djbdns,9,TRUE
nginx,10,FALSE
statcvs,9,TRUE
opensso,6,TRUE
tt-rss,7,FALSE
bluecloth,8,TRUE
m2r10,2,FALSE
moq,3,TRUE
mapbender,7,FALSE
distcc,4,FALSE
topshelf,0,FALSE
openchange,6,FALSE
cvs,17,TRUE
ubuntu,16,FALSE
cake_ptbr,4,FALSE
cabal,8,FALSE
blazeblogger,3,TRUE
clearos,2,FALSE
nagios,11,FALSE
v8-js,4,FALSE
cherrypy,8,FALSE
FlexSDK,4,TRUE
apache_zeta_components,7,FALSE
gitx,2,TRUE
supervisor,6,FALSE
epsilon,4,FALSE
cpan-mini,7,FALSE
xalan-j,12,FALSE
clementine-player,2,FALSE
gthumb,10,FALSE
calf,4,FALSE
freshmeat_aspectj,9,FALSE
rubygems,8,TRUE
abcl,10,FALSE
wings3d,11,FALSE
hgsubversion,4,FALSE
libcaca,9,FALSE
koha,13,FALSE
jclouds,3,FALSE
yakuake,4,FALSE
aros,16,FALSE
perl,24,FALSE
apache-click,7,FALSE
seqan,5,FALSE
Osmand,2,FALSE
asciidoc,5,FALSE
zsh,13,FALSE
freenas,2,FALSE
taglib,8,FALSE
civicrm,8,FALSE
virtualdubmod,5,TRUE
wym-editor,6,FALSE
freeelks,8,FALSE
grub,9,FALSE
eclipse-cs,9,FALSE
mapguide,6,FALSE
pil,3,TRUE
libidn,10,FALSE
smartgwt,3,FALSE
enna,4,FALSE
pciutils,14,FALSE
smuxi,7,FALSE
smolt,5,TRUE
pacman,7,FALSE
ubuntu-unity,3,FALSE
commons-fileupload,5,FALSE
kopete,11,FALSE
qt-creator,3,FALSE
android-vnc-viewer,4,TRUE
sdcc,12,FALSE
sinatra,5,FALSE
mp3gain,10,FALSE
wpa_supplicant,4,FALSE
firebug,5,FALSE
flexunit,3,FALSE
tvbrowser,9,FALSE
elinks,7,FALSE
otrs,10,FALSE
gparted,11,FALSE
coderepos,5,FALSE
autohotkey,7,TRUE
ruby-on-rails-tmbundle,5,TRUE
obm,10,FALSE
m4,12,FALSE
sdl_ttf,9,TRUE
commons-codec,9,FALSE
nasm,10,FALSE
MbUnit,7,FALSE
rmagick,8,TRUE
squashfs,7,FALSE
yaf,9,FALSE
scrapy,4,FALSE
MINA,6,FALSE
fop,13,FALSE
empathy,5,FALSE
blueman,4,FALSE
piwik,5,FALSE
hibernate,9,FALSE
pld-linux,13,FALSE
L2Universe,2,TRUE
red5,6,FALSE
qmmp,5,FALSE
supertux,9,TRUE
nltk,11,FALSE
adium,4,FALSE
mkgmap,6,FALSE
MacPorts,10,FALSE
pida,5,FALSE
wolfcms,3,FALSE
vuze,8,TRUE
luntbuild,4,TRUE
phonegap,4,FALSE
scikit-image,3,FALSE
satchmo,5,FALSE
Guake,5,FALSE
kde,15,FALSE
filesync4eclipse,3,TRUE
gcc,24,FALSE
nutch,10,FALSE
piwigo,9,FALSE
open-xchange,5,FALSE
jpox,6,TRUE
ubercart,5,FALSE
aion-galaxy-emu,1,FALSE
dolibarr,10,FALSE
subversion,12,FALSE
sympy,5,FALSE
ekiga,11,FALSE
acpi,2,TRUE
tortoisegit,4,FALSE
opennebula,4,FALSE
tika,5,FALSE
auctex,21,FALSE
dbus,10,FALSE
WiiXplorer,3,FALSE
dotnetopenid,4,TRUE
dotclear2,1,FALSE
javacc,8,TRUE
ipython,7,FALSE
liferea,9,FALSE
tycho,4,FALSE
shell-fm,6,FALSE
gtk-gnutella,12,FALSE
spidermonkey,14,TRUE
abiword,14,FALSE
ossim,11,FALSE
wicket,8,FALSE
cvsweb,6,TRUE
b2evolution,9,FALSE
ansible-ssh,0,FALSE
nedit,12,FALSE
openarena,5,TRUE
fuse,11,FALSE
specflow,3,FALSE
github,1,TRUE
liftweb,5,FALSE
puremvc,2,TRUE
osccms,7,FALSE
pyside,3,FALSE
docblox,2,FALSE
mockito,5,FALSE
enblend,8,FALSE
thousand-parsec,9,TRUE
pyglet,6,FALSE
smart,10,FALSE
cyanogenmod,4,FALSE
mylyn,7,FALSE
l2jfree,6,FALSE
SPIP,10,FALSE
tikiwiki,10,FALSE
port389,7,FALSE
e-texteditor,3,TRUE
facebook-pidgin,4,FALSE
eclipse,11,FALSE
DownThemAll,6,FALSE
AndroMDA,9,FALSE
krusader,10,FALSE
scite,12,FALSE
bottle,3,FALSE
ktorrent,5,FALSE
weechat,9,FALSE
degrafa,3,TRUE
translate-toolkit,6,FALSE
eucalyptus,3,FALSE
geotools,10,FALSE
spe,4,TRUE
drush,6,FALSE
jcal,5,TRUE
apache-ode,5,FALSE
tortoisesvn,9,FALSE
evas,10,FALSE
fltk,14,FALSE
jgroups,9,FALSE
wicketstuff,6,FALSE
btrfs,7,FALSE
jackrabbit,8,FALSE
dd-wrt,6,FALSE
coremanager,2,FALSE
dreamwidth,4,FALSE
commons-jexl,10,FALSE
tcpdf,3,FALSE
jena,0,FALSE
venkman,14,FALSE
naev,5,FALSE
xz-utils,4,FALSE
gqview,7,TRUE
viewvc,12,FALSE
cobertura,9,TRUE
flex-mojos,3,TRUE
tiopf,6,FALSE
classpath,14,FALSE
vidalia,6,FALSE
swig,13,FALSE
kget,5,FALSE
xerces2-j,13,FALSE
easymock,3,FALSE
monodevelop,8,FALSE
cygwin,12,FALSE
turtlemine,0,FALSE
cyberduck,9,FALSE
ganglia,10,FALSE
qpsmtpd,11,FALSE
pacemaker,9,FALSE
horde,14,FALSE
spirit,11,FALSE
freeplane,3,FALSE
closure-compiler,3,FALSE
greenshot,2,FALSE
x,13,FALSE
evince,13,FALSE
okular,10,FALSE
php,15,FALSE
concordion,4,FALSE
statusnet,4,FALSE
xfardic,5,TRUE
ROSorg,5,FALSE
syslog-ng,5,FALSE
docutils,10,FALSE
flac,11,FALSE
qtwitter,4,FALSE
comix,4,TRUE
openscada,9,FALSE
fillets,8,FALSE
winmerge,12,FALSE
aionxemu,1,TRUE
gnugo,11,TRUE
ohcount,4,FALSE
linux-pam,12,FALSE
sonar,2,FALSE
wrms,10,TRUE
KazooPlatform,2,FALSE
yard,5,FALSE
quickcheck,6,FALSE
visualnunit,3,TRUE
eclipse-wtp,9,FALSE
bzr-svn,7,FALSE
cocoon,13,FALSE
mapnik,7,FALSE
stackless,22,FALSE
openwengo,2,TRUE
commons-dbcp,5,FALSE
vegastrike,11,FALSE
layman,5,FALSE
sitemesh,9,TRUE
jfire,8,FALSE
moonlight,5,FALSE
activemq,5,FALSE
feedparser,8,FALSE
eventlist,4,TRUE
open-power-template,3,TRUE
vba,5,TRUE
rap,6,FALSE
indefero,4,FALSE
phpmyadmin,11,FALSE
mozilla-addons,8,FALSE
bluefish,10,FALSE
python-nose,5,FALSE
plan9port,9,FALSE
perian,6,FALSE
passenger,4,FALSE
drupal,12,FALSE
gstreamer,12,FALSE
util-linux-ng,5,FALSE
spree,4,FALSE
netcat,5,TRUE
gd-star-rating,3,TRUE
qtoctave,4,TRUE
wiiflow,3,FALSE
chandler,8,TRUE
rapidsvn,10,FALSE
HtmlUnit,10,FALSE
collectd,6,FALSE
dmd,4,FALSE
redis,3,FALSE
cups,12,FALSE
openvpn,10,FALSE
cruisecontrol,9,FALSE
MvcContrib,3,FALSE
Kohana,3,FALSE
freeradius,13,FALSE
libev,5,FALSE
aircrack-ng,5,FALSE
intellij-idea-plugins,4,TRUE
Vienna,7,FALSE
leiningen,3,FALSE
widelands,10,FALSE
fractal,10,FALSE
ioquake3,7,FALSE
cucumber,4,FALSE
genshi,6,FALSE
unknown-horizons,5,FALSE
clutter,7,FALSE
olat,1,FALSE
cairo,10,FALSE
mochikit,7,FALSE
maxima,12,FALSE
PackageKit,5,FALSE
freecad,1,FALSE
httplib2,6,FALSE
keepass,4,TRUE
byobu,3,FALSE
cherokee,6,FALSE
hoogle,4,TRUE
ko3,3,FALSE
openttd,8,FALSE
freenet,12,FALSE
system_data_sqlite,6,TRUE
Gears,4,TRUE
nemiver,6,FALSE
objectify-appengine,3,FALSE
rrdtool,11,FALSE
freshmeat_batik,7,FALSE
Riena,4,TRUE
freshmeat_apachejakartaregexp,12,TRUE
ApacheFelix,7,FALSE
sv1,6,FALSE
fail2ban,8,FALSE
gdb,13,FALSE
sonar-ide,2,FALSE
xmms2,9,FALSE
qtractor,7,FALSE
xtext,4,FALSE
nethack,19,TRUE
puredata,10,TRUE
pulse,4,FALSE
zim,4,FALSE
apache-rampart,5,FALSE
maven2,9,FALSE
roma,6,FALSE
com,8,FALSE
CaliburnMicro,2,FALSE
unrealircd,12,FALSE
pylast,4,TRUE
jasperreports,8,FALSE
quartz,8,FALSE
zikula,2,FALSE
rome,7,TRUE
amule,4,FALSE
pentadactyl,5,FALSE
mako,6,FALSE
nuxeo,7,FALSE
mongodb,5,FALSE
sunpinyin,3,FALSE
openkore,9,FALSE
zope,16,FALSE
datanucleus,4,FALSE
pgrouting,5,FALSE
x264,8,FALSE
apertium,7,FALSE
lirc,12,TRUE
iproute2,8,FALSE
pywebkitgtk,4,TRUE
RSSOwl,5,TRUE
gnote,3,FALSE
file,25,FALSE
canaima-gnu-linux,2,FALSE
jibx,1,FALSE
tornadoweb,3,FALSE
htmlpurifier,6,FALSE
YoctoProject,7,FALSE
wine-doors,4,TRUE
dillo,5,FALSE
mplayerosx,3,TRUE
psi-plus,4,FALSE
openstack-horizon,1,FALSE
Rhythmbox,10,FALSE
gnome-cheese,5,FALSE
pyyaml,6,TRUE
PyDev,9,FALSE
bluebox,2,FALSE
adblock-plus,6,FALSE
commons-lang,5,FALSE
linux-24,6,TRUE
hedgewars,7,FALSE
simple-linkedin,2,TRUE
codeconform,2,TRUE
trac,9,FALSE
rhodecode,2,FALSE
blender,10,FALSE
scons,11,FALSE
commons-validator,5,FALSE
nuget,2,FALSE
riak,3,FALSE
groovy,9,FALSE
sproutcore,4,FALSE
moose,6,FALSE
ogre,10,FALSE
tig,6,FALSE
gtk,15,FALSE
pax-exam,4,TRUE
pygments,6,FALSE
cxf,7,FALSE
forrest,8,FALSE
tapestry,6,FALSE
L2Emu,2,TRUE
edje,9,FALSE
geexbox,9,FALSE
jax-ws,7,FALSE
gramps,10,FALSE
reviewboard,6,FALSE
axdt,1,TRUE
turbogears1,7,FALSE
exim,8,FALSE
tcllib,14,FALSE
zope3,13,FALSE
hg-git,3,FALSE
openocd,6,FALSE
bulletphysics,6,FALSE
rxvt,11,TRUE
